{
	"color": "#ff44aae1",
	"description": "Main Character of the Game",
	"display_name": "",
	"display_name_bool": false,
	"id": "character-1672562911.json",
	"mirror_portraits": false,
	"name": "[PlayerName]",
	"nickname": "[Username]",
	"nickname_bool": true,
	"offset_x": 0,
	"offset_y": -255,
	"portraits": [
		{
			"name": "Default",
			"path": "res://icon.png"
		},
		{
			"name": "Player Icon B",
			"path": "res://People/Player Icon B.png"
		},
		{
			"name": "Player Icon C",
			"path": "res://People/Player Icon C.png"
		},
		{
			"name": "Player Icon A",
			"path": "res://People/Player Icon A.png"
		}
	],
	"scale": 15,
	"theme": ""
}
