{
	"glossary": [

	],
	"variables": [
		{
			"id": "1681382572-648",
			"name": "Username",
			"type": 0,
			"value": "\"\""
		},
		{
			"id": "1682321738-953",
			"name": "GuideIcon",
			"type": 0,
			"value": ""
		},
		{
			"id": "1682314010-713",
			"name": "Scene3_UsernameInd",
			"type": 0,
			"value": "0"
		},
		{
			"id": "1682314803-574",
			"name": "Scene8_TagRemoved",
			"type": 0,
			"value": "0"
		},
		{
			"id": "1682315919-250",
			"name": "Scene10_IsDiscarded",
			"type": 0,
			"value": "0"
		},
		{
			"id": "1682314583-192",
			"name": "Scene7_VisibilityOpt",
			"type": 0,
			"value": "2"
		},
		{
			"id": "1684850942-648",
			"name": "Scene9_IsDiscarded",
			"type": 0,
			"value": "1"
		},
		{
			"id": "1682316237-416",
			"name": "Scene10_Everyone",
			"type": 0,
			"value": "1"
		},
		{
			"id": "1684852517-787",
			"name": "Scene9_Gaslighted",
			"type": 0,
			"value": "1"
		},
		{
			"id": "1677469048-648",
			"name": "PlayerName",
			"type": 0,
			"value": "(You)"
		},
		{
			"id": "1677471168-787",
			"name": "PlayerIcon",
			"type": 0,
			"value": "Player Icon A"
		},
		{
			"id": "1682325344-403",
			"name": "Scene2_AWAIU",
			"type": 0,
			"value": "\"\""
		},
		{
			"id": "1682324984-918",
			"name": "Scene2_AA",
			"type": 0,
			"value": "\"\""
		},
		{
			"id": "1681470696-648",
			"name": "LocSetting",
			"type": 0,
			"value": "0"
		},
		{
			"id": "1682314576-905",
			"name": "Scene7_LocationOpt",
			"type": 0,
			"value": "0"
		},
		{
			"id": "1682314296-842",
			"name": "Scene6_RevealsInfo",
			"type": 0,
			"value": "1"
		},
		{
			"id": "1682314269-785",
			"name": "Scene5_IsTagCorrect",
			"type": 0,
			"value": "0"
		},
		{
			"id": "1682314244-339",
			"name": "Scene5_GroupPic",
			"type": 0,
			"value": "A"
		}
	]
}
