{
	"events": [
		{
			"character": "character-1681255640.json",
			"event_id": "dialogic_001",
			"portrait": "Guide",
			"text": "Did you know that because of the [b]Data Privacy of 2012[/b], we have the right to choose the data that companies collect from us!"
		},
		{
			"character": "character-1681255640.json",
			"event_id": "dialogic_001",
			"portrait": "",
			"text": "This is why applications ask for our permission on which data we allow them to collect."
		},
		{
			"character": "character-1681255640.json",
			"event_id": "dialogic_001",
			"portrait": "(Don't change)",
			"text": "Let's take a look at the permissions that you have allowed."
		},
		{
			"condition": "!=",
			"definition": "1682324984-918",
			"event_id": "dialogic_012",
			"value": "\"\""
		},
		{
			"character": "character-1681255640.json",
			"event_id": "dialogic_001",
			"portrait": "Default",
			"text": "It looks like you have allowed the app to [b]always[/b] access your [i][Scene2_AA][/i]."
		},
		{
			"character": "character-1681255640.json",
			"event_id": "dialogic_001",
			"portrait": "Default",
			"text": "This will allow the app to know your information  even if the app is closed!"
		},
		{
			"event_id": "dialogic_013"
		},
		{
			"condition": "!=",
			"definition": "1682325344-403",
			"event_id": "dialogic_012",
			"value": "\"\""
		},
		{
			"character": "character-1681255640.json",
			"event_id": "dialogic_001",
			"portrait": "Default",
			"text": "It looks like you have allowed the app to access your [i][Scene2_AWAIU][/i] while the app is in use."
		},
		{
			"character": "character-1681255640.json",
			"event_id": "dialogic_001",
			"portrait": "Default",
			"text": "This is better than allowing the app to always access these data."
		},
		{
			"character": "character-1681255640.json",
			"event_id": "dialogic_001",
			"portrait": "",
			"text": "We can also set it to ask every time to give us more control on our data."
		},
		{
			"event_id": "dialogic_013"
		}
	],
	"metadata": {
		"dialogic-version": "1.4.5",
		"file": "timeline-1682313013.json",
		"name": "Scene2"
	}
}
