{
	"events": [
		{
			"character": "character-1681255640.json",
			"event_id": "dialogic_001",
			"portrait": "Guide",
			"text": "That concludes our review! I hope you learned a lot today about data privacy."
		},
		{
			"character": "character-1681255640.json",
			"event_id": "dialogic_001",
			"portrait": "",
			"text": "Feel free to try the game again."
		},
		{
			"character": "character-1681255640.json",
			"event_id": "dialogic_001",
			"portrait": "",
			"text": "Until we meet again!"
		}
	],
	"metadata": {
		"dialogic-version": "1.4.5",
		"file": "timeline-1683816148.json",
		"name": "End_Scene"
	}
}
