{
	"events": [
		{
			"character": "",
			"event_id": "dialogic_001",
			"portrait": "",
			"text": "You can make additional adjustments to your post under the additional settings menu. Let's review them before posting!"
		},
		{
			"event_id": "dialogic_022",
			"transition_duration": 0
		},
		{
			"condition": "",
			"definition": "",
			"event_id": "dialogic_012",
			"value": ""
		},
		{
			"event_id": "dialogic_013"
		}
	],
	"metadata": {
		"dialogic-version": "1.4.5",
		"file": "timeline-1681466244.json",
		"name": "7_AdvancedSetting"
	}
}
