{
	"events": [
		{
			"character": "character-1681255640.json",
			"event_id": "dialogic_001",
			"portrait": "Guide",
			"text": "Let's take a look at the situation where you were tagged by a friend."
		},
		{
			"character": "character-1681255640.json",
			"event_id": "dialogic_001",
			"portrait": "",
			"text": "It looks like you kept the tag on the post."
		},
		{
			"condition": "",
			"definition": "1684852517-787",
			"event_id": "dialogic_012",
			"value": "1"
		},
		{
			"character": "character-1681255640.json",
			"event_id": "dialogic_001",
			"portrait": "",
			"text": "It seems like you have been persuaded by the prompt to keep the tag on."
		},
		{
			"character": "character-1681255640.json",
			"event_id": "dialogic_001",
			"portrait": "",
			"text": "These prompts are created by social media to persuade you into sharing more of your data!"
		},
		{
			"event_id": "dialogic_013"
		},
		{
			"character": "character-1681255640.json",
			"event_id": "dialogic_001",
			"portrait": "",
			"text": "It would be better to remove the tag for the sake of your data privacy."
		}
	],
	"metadata": {
		"dialogic-version": "1.4.5",
		"file": "timeline-1684850979.json",
		"name": "Scene9"
	}
}
