{
	"events": [
		{
			"character": "",
			"event_id": "dialogic_001",
			"portrait": "",
			"text": "You have been tagged in a photo of someone else but you have no idea that this photo of you was taken!"
		},
		{
			"character": "",
			"event_id": "dialogic_001",
			"portrait": "",
			"text": "Luckily, you can choose to keep or remove the tag."
		},
		{
			"character": "",
			"event_id": "dialogic_001",
			"portrait": "",
			"text": "Do you want to keep the tag?"
		}
	],
	"metadata": {
		"dialogic-version": "1.4.5",
		"file": "timeline-1681651486.json",
		"name": "10_Tag"
	}
}
