{
	"events": [
		{
			"emit_signal": "change_bg",
			"event_id": "dialogic_040"
		},
		{
			"animation": "[Default]",
			"animation_length": 0,
			"change_mirror_portrait": false,
			"change_z_index": false,
			"character": "character-1677469249.json",
			"event_id": "dialogic_002",
			"mirror_portrait": false,
			"portrait": "Default",
			"portrait_definition": "",
			"position": {
				"0": false,
				"1": false,
				"2": false,
				"3": false,
				"4": false
			},
			"type": 0,
			"z_index": 0
		},
		{
			"character": "character-1677469249.json",
			"event_id": "dialogic_001",
			"portrait": "",
			"text": "Perfect, you're account is all set up! We can now take pictures."
		},
		{
			"animation": "4-fade_out.gd",
			"animation_length": 0,
			"change_mirror_portrait": false,
			"change_z_index": false,
			"character": "",
			"event_id": "dialogic_002",
			"mirror_portrait": false,
			"portrait": "",
			"portrait_definition": "",
			"position": {
				"0": false,
				"1": false,
				"2": false,
				"3": false,
				"4": false
			},
			"type": 1,
			"z_index": 0
		}
	],
	"metadata": {
		"dialogic-version": "1.4.5",
		"file": "timeline-1681114490.json",
		"name": "4_TryApp"
	}
}
