{
	"events": [
		{
			"character": "character-1681255640.json",
			"event_id": "dialogic_001",
			"portrait": "",
			"text": "You've been tagged by your friend. "
		},
		{
			"character": "character-1672562911.json",
			"event_id": "dialogic_001",
			"portrait": "",
			"text": "Cool! So what happens when I'm tagged in your post?"
		},
		{
			"character": "character-1677469249.json",
			"event_id": "dialogic_001",
			"portrait": "",
			"text": "Oh it just lets people know that I was with you."
		},
		{
			"character": "character-1681255640.json",
			"event_id": "dialogic_001",
			"portrait": "",
			"text": "In Social Media, you have the option to keep or remove this tag. "
		}
	],
	"metadata": {
		"dialogic-version": "1.4.5",
		"file": "timeline-1682246571.json",
		"name": "9_Guide"
	}
}
