{
	"events": [
		{
			"character": "character-1681255640.json",
			"event_id": "dialogic_001",
			"portrait": "Guide",
			"text": "Did you know that the usernames you use can put you at risk?"
		},
		{
			"condition": "<",
			"definition": "1682314010-713",
			"event_id": "dialogic_012",
			"value": "2"
		},
		{
			"character": "",
			"event_id": "dialogic_001",
			"portrait": "",
			"text": "You have set your username to contain your real name. This could be dangerous!"
		},
		{
			"character": "",
			"event_id": "dialogic_001",
			"portrait": "",
			"text": "Everyone including hackers and companies would be able to know who you are in real life."
		},
		{
			"character": "",
			"event_id": "dialogic_001",
			"portrait": "",
			"text": "It is better to avoid creating usernames that contains your real life information."
		}
	],
	"metadata": {
		"dialogic-version": "1.4.5",
		"file": "timeline-1682332366.json",
		"name": "Scene3"
	}
}
