{
	"events": [
		{
			"event_id": "dialogic_023",
			"hide_dialogbox": true,
			"wait_seconds": 1
		},
		{
			"animation": "1-fade_in.gd",
			"animation_length": 0,
			"change_mirror_portrait": false,
			"change_z_index": false,
			"character": "character-1672563024.json",
			"event_id": "dialogic_002",
			"mirror_portrait": false,
			"portrait": "Default",
			"portrait_definition": "",
			"position": {
				"0": true,
				"1": false,
				"2": false,
				"3": false,
				"4": false
			},
			"type": 0,
			"z_index": 0
		},
		{
			"character": "character-1672563024.json",
			"event_id": "dialogic_001",
			"portrait": "",
			"text": "Reports showed that thousands are susceptible to scams due to the lack of knowledge in data privacy! "
		},
		{
			"character": "character-1672563024.json",
			"event_id": "dialogic_001",
			"portrait": "",
			"text": "We ask everyone to protect your data by checking..."
		},
		{
			"animation": "instant_out.gd",
			"animation_length": 0,
			"change_mirror_portrait": false,
			"change_z_index": false,
			"character": "character-1672563024.json",
			"event_id": "dialogic_002",
			"mirror_portrait": false,
			"portrait": "",
			"portrait_definition": "",
			"position": {
				"0": false,
				"1": false,
				"2": false,
				"3": false,
				"4": false
			},
			"type": 1,
			"z_index": 0
		}
	],
	"metadata": {
		"dialogic-version": "1.4.5",
		"file": "timeline-1673870679.json",
		"name": "Breakfast"
	}
}
