{
	"events": [
		{
			"event_id": "dialogic_023",
			"hide_dialogbox": true,
			"wait_seconds": 3
		},
		{
			"emit_signal": "change_bg",
			"event_id": "dialogic_040"
		},
		{
			"character": "character-1681255640.json",
			"event_id": "dialogic_001",
			"portrait": "",
			"text": "Click on the Username field to create your username."
		},
		{
			"character": "character-1681255640.json",
			"event_id": "dialogic_001",
			"portrait": "",
			"text": "Select a Username!"
		}
	],
	"metadata": {
		"dialogic-version": "1.4.5",
		"file": "timeline-1679982438.json",
		"name": "3_Username"
	}
}
