{
	"events": [
		{
			"character": "character-1681255640.json",
			"event_id": "dialogic_001",
			"portrait": "",
			"text": "Captions can unknowingly reveal sensitive information."
		},
		{
			"character": "character-1681255640.json",
			"event_id": "dialogic_001",
			"portrait": "",
			"text": "Let's review the caption that you have chosen."
		},
		{
			"condition": "",
			"definition": "1682314296-842",
			"event_id": "dialogic_012",
			"value": "1"
		},
		{
			"character": "character-1681255640.json",
			"event_id": "dialogic_001",
			"portrait": "",
			"text": "Oh no! This caption reveals John's birthday and his whereabouts."
		},
		{
			"character": "",
			"event_id": "dialogic_001",
			"portrait": "",
			"text": "It might be better to choose a caption that does not reveal these, next time you post."
		},
		{
			"event_id": "dialogic_013"
		}
	],
	"metadata": {
		"dialogic-version": "1.4.5",
		"file": "timeline-1682851962.json",
		"name": "Scene6"
	}
}
