{
	"events": [
		{
			"animation": "[Default]",
			"animation_length": 0,
			"change_mirror_portrait": false,
			"change_z_index": false,
			"character": "character-1681255640.json",
			"event_id": "dialogic_002",
			"mirror_portrait": false,
			"portrait": "Default",
			"portrait_definition": "",
			"position": {
				"0": false,
				"1": false,
				"2": false,
				"3": false,
				"4": false
			},
			"type": 0,
			"z_index": 0
		},
		{
			"character": "character-1681255640.json",
			"event_id": "dialogic_001",
			"portrait": "",
			"text": "You now have photos you can share to social media."
		},
		{
			"character": "character-1681255640.json",
			"event_id": "dialogic_001",
			"portrait": "",
			"text": "Select a photo to upload. "
		}
	],
	"metadata": {
		"dialogic-version": "1.4.5",
		"file": "timeline-1681255820.json",
		"name": "5_ChoosePicture"
	}
}
