{
	"events": [
		{
			"character": "character-1681255640.json",
			"event_id": "dialogic_001",
			"portrait": "Guide",
			"text": "Let's look at that time where you have been tagged from a stranger's post."
		},
		{
			"condition": "",
			"definition": "1682315919-250",
			"event_id": "dialogic_012",
			"value": "0"
		},
		{
			"character": "character-1681255640.json",
			"event_id": "dialogic_001",
			"portrait": "",
			"text": "It looks like you chose to keep the tag on."
		},
		{
			"character": "character-1681255640.json",
			"event_id": "dialogic_001",
			"portrait": "",
			"text": "Remember, that this would be seen by anyone! It would be better to remove tags from strangers as this can reveal your information to people you do not know!"
		},
		{
			"event_id": "dialogic_013"
		},
		{
			"emit_signal": "change_bg",
			"event_id": "dialogic_040"
		},
		{
			"condition": "",
			"definition": "1682316237-416",
			"event_id": "dialogic_012",
			"value": "1"
		},
		{
			"character": "character-1681255640.json",
			"event_id": "dialogic_001",
			"portrait": "",
			"text": "You have allowed anyone to tag you in their post."
		},
		{
			"character": "character-1681255640.json",
			"event_id": "dialogic_001",
			"portrait": "",
			"text": "Please consider setting it to another option like \"Always Review\" or \"No one can tag\" to give you control over  your data."
		},
		{
			"event_id": "dialogic_013"
		}
	],
	"metadata": {
		"dialogic-version": "1.4.5",
		"file": "timeline-1682852080.json",
		"name": "Scene10"
	}
}
